{"_step":9,"epoch":10,"train_loss":0.011236504943008641,"_wandb":{"runtime":265},"val_loss":0.016236708611249925,"_timestamp":1.7482553810418618e+09,"_runtime":265.715781}