{"_wandb":{"runtime":249},"train_loss":0.0014704812080010734,"val_loss":0.001964670205488801,"_timestamp":1.748307745145529e+09,"_runtime":249.644438,"_step":9,"epoch":10}