{"_wandb":{"runtime":212},"train_loss":0.0017290224344469606,"val_loss":0.0019003575528040528,"_timestamp":1.749611190996672e+09,"_runtime":212.690444,"_step":9,"epoch":10}