{"_wandb":{"runtime":20},"val_loss":0.09294780343770981,"_timestamp":1.749005399048469e+09,"_runtime":20.690499,"_step":9,"epoch":10,"train_loss":0.08668865859508515}